phrase,score
templat messag learn,2.092487973
talk page learn,2.017842434
find link tool,1.994945416
sourc remain unclear,1.61956593
ad citat,1.497411596
templat messag,1.488107373
media onlin advertis,1.421061433
addit citat,1.394646847
home advertis point,1.32832919
remov april learn,1.319821755
refer relat read,1.296482007
lack inlin citat,1.225520904
remov august learn,1.206460782
articl includ list,1.171474225
multipl issu,1.163930747
remov june learn,1.079940003
introduc link,1.072361061
sale process,1.05646691
consum guarante act,1.037578273
sale team,0.983686926
sale forc,0.96001734
exist custom,0.950438943
articl link,0.947210897
remov septemb learn,0.924520936
lead gener,0.915893957
unit state,0.908836341
relat articl,0.888271123
supplier convinc custom,0.884993233
success personnelcommon techniqu,0.864648561
sale manag,0.86009636
potenti custom,0.858788657
unit state court,0.858584741
repres worldwid view,0.844140539
wikipedia layout guidelin,0.844140539
descript neutral point,0.844140539
cross sell,0.802752838
field sale manag,0.791632208
sale activ,0.791046889
custom relationship manag,0.787602066
remov octob learn,0.779137568
sale lead,0.777907317
practic larg busi,0.7629252
measur market perform,0.738970108
talk page,0.736792517
consum experi,0.730029158
sell techniqu,0.72580619
remov juli learn,0.722613687
social media,0.720180057
copyright holder,0.715305739
extern link,0.715305739
permit reus,0.715305739
sale person,0.714748593
remov march learn,0.706461977
cold call,0.697142024
busi model,0.696893449
sale,0.694265772
market metric,0.689329743
ad link,0.683780089
addit product,0.67945051
sale function,0.658650945
onlin lead gener,0.627167264
prospect custom,0.626154848
total sale,0.611983649
potenti client,0.603205736
supplier compani,0.603119022
lead manag,0.599435409
increas number,0.594034142
custom,0.589925324
sale techniqu,0.588233657
real estat,0.58696135
softwar applic,0.584758853
purchas price,0.583554497
remov,0.581647251
product,0.581017806
busi,0.578277679
qualifi prospect,0.575097423
wide varieti,0.569898774
market,0.569603346
potenti buyer,0.567126284
mobil devic,0.564278947
close sale,0.562777866
increas revenu,0.555437884
total amount,0.551583057
expens item,0.551066286
sale personnel,0.54580899
small busi,0.545743712
geograph area,0.545555706
origin research,0.545164306
short term,0.5442057
sale execut,0.541991627
sale train,0.540395093
offer incent,0.539401091
compani,0.536610642
specif product,0.536377816
buy power,0.533920963
sell product,0.533777485
unit kingdom,0.532043386
market channel,0.531322335
buy process,0.529935912
custom group,0.526253744
templat messageupsel,0.518789136
sell,0.517574647
sell process,0.517535077
process,0.515459287
sale pitch,0.513690631
custom satisfact,0.513276724
relev term,0.509153591
long term,0.506956455
learn,0.505747015
claim made,0.503377204
servic,0.501910342
articl,0.499952628
sale depart,0.495539135
sale context,0.493768356
servic render,0.489226609
purchas,0.488784032
market campaign,0.481964333
futur sale,0.479572308
prospect buyer,0.478200991
issu,0.474152719
improv,0.472777666
market strategi,0.472669802
gener lead,0.47141957
channel partner,0.469663334
trial close,0.46554106
requir cleanup,0.46098486
includ,0.459902113
make sale,0.459040174
buy,0.458068562
good,0.457998145
account,0.457179558
manag,0.455777073
prior contact,0.45421169
sale perform,0.45377621
effect,0.452906104
time consum,0.451536203
increas,0.451076102
gener sale,0.450918975
gener,0.448293659
gener manag,0.447517822
cost,0.447439774
sale skill,0.445523558
web page,0.445243038
behaviour stage,0.444695938
compani improv,0.443570924
larg compani,0.443510202
sale target,0.442890262
buy product,0.44284413
time,0.440728711
key compon,0.435923895
inform,0.43247299
sale prospect,0.430788804
creat,0.4299255
make decis,0.429377568
sale repres,0.426880207
sale oper,0.42578293
challeng,0.424132695
person,0.423782438
suppli chain,0.423541255
price,0.422939376
make,0.421755255
term,0.421394406
made,0.419430095
salesperson,0.419278124
custom experi,0.41798326
neutral point,0.41798326
seller,0.417592754
interest,0.417438824
phone call,0.416634198
larg number,0.415164129
order,0.414017734
organ,0.414009098
reward sale,0.413674998
profit sale,0.413674998
consum,0.413394313
prospect,0.41329145
requir,0.413084177
great deal,0.411313517
propos rfp,0.411150175
page,0.410011984
direct market,0.409662921
custom relationship,0.407397794
increas revenuefor,0.40689344
valuat servic,0.40689344
addit good,0.40689344
instal servic,0.40689344
tax servic,0.40689344
buyer spend,0.40689344
importantli vendor,0.40689344
sell servic,0.40689344
decis maker,0.405764607
tax year,0.405154166
inform rfi,0.404229385
form,0.403109966
declin due,0.401515194
onlin,0.40074659
number,0.400397779
system,0.40005036
offer,0.399939002
key perform,0.399624349
buyer,0.399491286
perform,0.399158513
request inform,0.399125706
luxuri good,0.398922367
product servic,0.398869587
method,0.398811754
refer,0.395168668
remov advic,0.39382317
activ,0.393492632
peopl,0.391596719
recent year,0.389892465
lead,0.387884219
item,0.387840932
process improv,0.386977179
advertis,0.386697023
call,0.385048075
part,0.384744612
year,0.384571158
defin,0.381835652
result,0.38047704
store,0.380360967
citat,0.380238946
propos,0.379439311
sale territori,0.37859172
trade show,0.377308792
retail,0.376835379
case,0.376743
sold,0.37663053
addit,0.376487696
verif,0.375797497
type,0.374318911
work,0.373982989
time span,0.373631586
contract,0.372274793
point,0.371866903
determin,0.371784748
involv,0.371216309
commun,0.371203514
individu,0.36987143
discuss,0.369247427
practic,0.367710449
model,0.367687205
forecast,0.365481902
solut sell,0.365311226
develop,0.364961374
client,0.364245392
set,0.363579026
data,0.362234076
consult compani,0.362089487
import,0.358095092
profit,0.357395799
pay,0.356647889
present,0.356399593
step,0.355464791
respons,0.35441816
lower cost,0.354256552
territori,0.353491533
transact,0.352471581
deal,0.352170441
found,0.352133374
link,0.349753303
qualifi,0.349337416
base,0.349280038
internet,0.349262048
payment,0.34878672
revenu,0.34859159
primarili involv,0.348354743
channel,0.347765823
benefit,0.347715217
content,0.346850815
ad,0.345174705
purpos,0.344276354
parti,0.343678971
measur,0.343393097
idea,0.341920211
make improv,0.341828054
team,0.341702621
amount,0.341661897
sourc,0.340744748
vendor,0.339134339
invest,0.339088395
industri,0.33878171
softwar,0.338239088
techniqu,0.337646268
state,0.334528731
find,0.331597435
employe,0.330848373
achiev,0.330752744
potenti,0.329877602
action,0.327793039
crm,0.327273777
function,0.324071048
promot,0.323399546
firm,0.322719693
opportun,0.322357851
concept,0.322252314
option,0.321543821
move forward,0.32116606
establish,0.320775999
period,0.320115613
understand,0.319980476
occur,0.319977392
book,0.319798925
problem,0.319582083
question,0.318087952
area,0.317956791
relev,0.316957146
initi,0.316464412
approach,0.316177554
metric,0.315626855
acquir,0.314737559
particip,0.31406468
view,0.313574943
plan,0.313015388
return,0.312587582
owner,0.312493972
simpli,0.311296179
object,0.310094791
meet,0.30956708
incom,0.309057648
push,0.308944149
situat,0.308791545
connect,0.308393106
sale peopl,0.308182547
relationship,0.308000902
compar,0.307642904
articl discuss,0.306733342
close,0.306328094
good sold,0.306269224
due,0.306074549
suggest,0.305460977
financi,0.305062226
receiv,0.304891646
similar,0.303966585
attempt,0.302971288
hand,0.302928948
fix amount,0.302449698
cash,0.302439939
goal,0.301428514
typic,0.301360867
bid,0.301128187
solut,0.300485575
properti,0.300278594
calcul,0.300108413
licens,0.29980289
subject,0.298615208
introduc,0.297260291
team member,0.297231707
email,0.296219843
success,0.296194632
expens,0.295663158
money,0.294805206
repres,0.294387223
distribut,0.294063896
job,0.292597536
reach,0.29236629
oper,0.29220217
strategi,0.29191171
prepar,0.29141502
varieti,0.29121774
integr,0.290799572
end,0.289418605
qualiti,0.288630108
conduct,0.288472699
engag,0.288218417
cite,0.288031353
research,0.288021335
show,0.287186955
abil,0.285930767
merchandis,0.285708742
tool,0.285461887
orphan,0.284563061
size,0.28378561
applic,0.283238321
agre,0.282648913
technolog,0.282575746
evalu,0.281686182
stage,0.28147185
group,0.280963284
door,0.279965208
common,0.279715977
acquisit,0.279504154
assess,0.278923932
methodolog,0.278755162
employ,0.276721622
context,0.276161831
support,0.275672667
act,0.275562517
record,0.275266005
balanc,0.27524545
produc,0.274994344
add,0.274911066
loss,0.274524105
higher,0.273630586
decis,0.273138522
build,0.272683988
track,0.272557583
budget,0.271882133
suppli,0.270983827
focu,0.270960483
risk,0.270728602
specif,0.270725351
consult,0.2700236
rang,0.269820828
identifi,0.269383235
assum,0.269371197
influenc,0.268795359
complet,0.268247535
effort,0.26798474
list,0.267835764
expect,0.267265993
begin,0.266911156
messag,0.26639957
exist,0.26593225
start,0.265788903
day,0.264881344
document,0.26480475
written,0.2647287
gain,0.264600007
factor,0.264337872
popular,0.264237943
commonli,0.264019929
carri,0.26290009
salespeopl,0.261927356
appli,0.261728572
collect,0.261230001
intend,0.260892884
demonstr,0.260889178
handl,0.260367519
depart,0.259834299
earn,0.259615464
law,0.258362042
depend,0.258091129
focus,0.258035579
supplier,0.257708632
contact,0.257236671
month,0.256349629
benefici,0.255886857
demand,0.255503739
level,0.255279249
explain,0.254813382
combin,0.254519596
natur,0.254226238
win,0.254083634
countri,0.253716451
paid,0.253701067
strateg approach,0.253301528
ensur,0.253134922
agreement,0.253026607
target,0.252551918
move,0.252398786
member,0.252344542
websit,0.252009172
basi,0.251614925
secur,0.251522581
limit,0.25147528
face,0.250773934
tax,0.250526642
effici,0.250490934
execut,0.249183197
continu,0.248458799
impact,0.246845853
desir,0.246815721
reduc,0.246409685
fact,0.245680434
kind,0.245560309
bank,0.24555236
rate,0.245069426
drive,0.244900096
accept,0.24489994
high,0.244626413
import part,0.244382317
rise,0.244340605
complex,0.244337091
train,0.244303747
deliv,0.243321708
outcom,0.243115026
manner,0.242988489
earli,0.242803246
request,0.242388301
asset,0.241945532
free,0.240984255
categori,0.240984255
deriv,0.240790695
prefer,0.240712613
languag,0.240507704
access,0.239969243
lower,0.239252895
insur,0.239247321
note,0.239019468
exchang,0.239019468
compens,0.239013621
back,0.23869492
posit,0.238567318
longer,0.238057208
decid,0.238032215
persuad,0.237113508
car,0.236650739
rent,0.236339734
element,0.236251408
commiss,0.236171703
attract,0.2356828
upgrad,0.235040174
confus,0.234817502
credit,0.234795065
captur,0.23475478
assign,0.23475478
survey,0.234725023
adjust,0.233796944
shown,0.233654026
optim,0.233495126
relat,0.233461997
direct,0.233361877
experi,0.233361877
publish,0.233286637
critic,0.233206826
seek,0.231893025
satisfi,0.231893025
put,0.23172129
difficult,0.231553099
featur,0.231381019
obtain,0.230969101
rule,0.230941653
govern,0.230545103
detail,0.23004482
disposit,0.229827607
insight,0.229787689
merchant,0.229766222
futur,0.228909172
enhanc,0.228876645
control,0.228792591
aim,0.228376001
rfp,0.228066356
guid,0.227838017
primarili,0.227819043
accomplish,0.22749626
expos,0.227491519
structur,0.22727242
vari,0.22668636
adopt,0.226252788
trade,0.226231866
referr,0.225840067
submit,0.224726202
role,0.224558897
locat,0.22443134
key,0.22436003
public,0.223909359
select,0.223169905
audienc,0.222972117
estim,0.2228951
small,0.222565756
accur,0.222001271
analysi,0.221882572
offic,0.221770117
total,0.221672622
condit,0.221442869
event,0.221407274
interact,0.221254788
enabl,0.220430721
fail,0.220334818
digit,0.219944494
implement,0.219931496
lack,0.219656507
recogn,0.219367799
solicit,0.219363817
travel,0.219180412
tradit,0.219076689
sign,0.218501694
thing,0.21824923
project,0.218074626
growth,0.217832246
resourc,0.217683593
user,0.217142494
program,0.217014893
respond,0.216212239
degre,0.216212239
grow,0.216212239
edit,0.216212239
art,0.216212239
awar,0.216212239
encyclopedia,0.216212239
convers,0.216011679
regul,0.215885243
extens,0.215830173
excel,0.214907516
consist,0.21474666
easier,0.214683016
materi,0.214642958
share,0.214606004
bring,0.214307787
touch,0.214202842
report,0.213624855
analyt,0.213609818
arrang,0.213037399
charg,0.213037399
protect,0.213037399
contrast,0.210821204
trend,0.210799004
introduct,0.210696152
advantag,0.210676061
financ,0.210287878
chanc,0.209937121
turn,0.209581911
wide,0.20947513
cover,0.209328256
readi,0.209328256
framework,0.209287595
site,0.209287595
read,0.209044667
likelihood,0.209020056
fund,0.208976249
discount,0.208720068
intern,0.208283463
releas,0.208223814
transfer,0.208056382
competitor,0.207716165
solv,0.20747432
seri,0.20747432
argu,0.207265166
ownership,0.207265166
replac,0.207265166
outlin,0.206022953
clear,0.205807508
lose,0.205601129
break,0.205517561
databas,0.205449259
autom,0.205274215
reveal,0.204946716
upsel,0.203306459
affect,0.202074221
negoti,0.201985829
equip,0.201463922
billion,0.201297482
ratio,0.200992898
analyz,0.200542556
date,0.200265346
choos,0.200060274
choic,0.199726073
reli,0.199084385
hard,0.199084385
easili,0.199084385
topic,0.199084385
verifi,0.199084385
encourag,0.199084385
disrupt,0.199084385
met,0.199084385
audit,0.199084385
gift,0.199084385
address,0.199084385
entitl,0.199084385
advent,0.199084385
matter,0.199084385
comput,0.199001944
capit,0.198989985
prove,0.198989985
entrepreneur,0.198960095
express,0.198960095
trust,0.198822302
shop,0.198816497
advis,0.19874842
network,0.198587104
perspect,0.198507202
conveni,0.198330384
wait,0.198330384
emerg,0.198193464
feedback,0.198147903
long,0.198007972
line,0.198007972
distinct,0.198004174
visibl,0.198004174
phone,0.197791303
stock,0.197264658
test,0.197263111
world,0.197263111
univers,0.197263111
instanc,0.197263111
titl,0.197151501
schedul,0.197097633
compon,0.196975407
treat,0.196954386
word,0.196428593
collabor,0.196391846
reader,0.196391846
formula,0.196391846
regist,0.195935117
manufactur,0.195612949
stakehold,0.195609245
consider,0.195084874
wikipedia,0.195062932
unit,0.194973144
open,0.194301938
legal,0.194265
hear,0.194013639
procur,0.193797853
origin,0.193718213
wholesal,0.193718213
primari,0.193592016
vehicl,0.193308816
clarifi,0.191949057
visit,0.19190077
match,0.191186855
simpler,0.190936181
fraud,0.190840375
leav,0.190840375
principl,0.190509904
hour,0.190074361
neg,0.189373885
aspect,0.188701495
award,0.188251966
portion,0.188157911
author,0.188114254
centuri,0.188041032
criteria,0.188031985
machin,0.187001691
inventori,0.186443227
engin,0.185843122
maxim,0.185268884
app,0.182872158
life,0.181851902
salesman,0.181731852
creativ,0.181731852
leverag,0.181049087
maintain,0.180514655
jurisdict,0.180276346
align,0.179310965
evid,0.178983572
realiz,0.178960402
run,0.178949606
opt,0.178949606
advoc,0.17889312
knowledg,0.178879779
sum,0.178826435
valid,0.178826435
warranti,0.178826435
spread,0.178826435
colour,0.178826435
claim,0.178826435
compli,0.178826435
durabl,0.178826435
convert,0.178826435
substanti,0.178826435
pair,0.178826435
sa,0.178826435
elimin,0.178826435
cc,0.178826435
gfdl,0.178826435
decemb,0.178826435
pass,0.178826435
led,0.178826435
fill,0.178826435
refund,0.178826435
essenti,0.178826435
organis,0.178826435
reibstein,0.178826435
true,0.178826435
contribut,0.178826435
expert,0.1788172
deliveri,0.178743336
ship,0.178743336
text,0.178743336
space,0.178743336
reliabl,0.178743336
telemarket,0.178743336
divid,0.178632709
scenario,0.178394428
predict,0.178239062
attent,0.177950293
technic,0.177903792
equal,0.177347795
percentag,0.177183745
oblig,0.177183745
check,0.177183745
larg,0.177183745
fulfil,0.177183745
separ,0.177183745
workload,0.176980687
launch,0.17658718
inquiri,0.176475767
incur,0.175053993
held,0.174649831
satisfact,0.174418055
incent,0.173657967
corpor,0.173657967
task,0.173389273
inbound,0.173272333
hold,0.173010011
suffer,0.173010011
style,0.173010011
partner,0.172391274
feel,0.171924941
attribut,0.171678535
instal,0.171550144
bidder,0.171277732
recipi,0.170816485
rais,0.170816485
simpl,0.170643329
loan,0.170193921
alloc,0.169351585
oil,0.169229062
answer,0.169192456
instrument,0.16907059
behavior,0.168073887
home,0.167792401
host,0.167556734
recruit,0.167024164
reserv,0.166174916
flexibl,0.165415409
script,0.164449053
resid,0.162334719
worker,0.162334719
favor,0.161795464
contractor,0.161719883
resel,0.161577715
util,0.159771945
serv,0.159593476
perceiv,0.159082717
impli,0.159082717
frequent,0.159082717
smartphon,0.158558205
modifi,0.158180131
phrase,0.157321497
statement,0.157011662
hire,0.156654269
mortgag,0.156654269
invit,0.156524218
assur,0.156503187
famili,0.156503187
restaur,0.156503187
basic,0.156483349
uk,0.156483349
amazon,0.156483349
coin,0.156483349
embed,0.156483349
main,0.156483349
abus,0.156483349
pitch,0.156276813
care,0.156220512
necessarili,0.156220512
impress,0.156220512
mechan,0.156220512
bonus,0.156220512
commod,0.156220512
creation,0.156220512
updat,0.156220512
environ,0.15613149
illustr,0.15587413
click,0.15572444
top,0.15572444
april,0.154781858
australia,0.154497085
theori,0.154218603
descript,0.152876179
shift,0.152385593
essenc,0.152385593
categor,0.152385593
assumpt,0.152385593
wast,0.152385593
low,0.152385593
averag,0.150949984
persuas,0.150924582
monitor,0.150587421
beneficiari,0.150587421
short,0.150587421
side,0.150043784
campaign,0.148031852
left,0.147843695
repeat,0.147654383
notabl,0.145385482
gather,0.145385482
great,0.145385482
altern,0.145346564
bind,0.144792755
possess,0.142622317
listen,0.141197178
compromis,0.140386578
encount,0.138586756
cultur,0.138379692
format,0.137173914
play,0.137110437
sequenc,0.136453139
studi,0.136442001
profession,0.135843688
adher,0.135505326
rigor,0.132615445
tailor,0.132206617
bill,0.131716534
carrier,0.130507143
elev,0.130229271
million,0.130183665
forward,0.129867775
sampl,0.129867775
provis,0.129867775
gold,0.129867775
collater,0.129867775
remain,0.129867775
quantifi,0.129867775
outsourc,0.129723167
electr,0.129136173
scheme,0.129072244
maximum,0.129072244
lot,0.128849754
tie,0.128625756
search,0.128349033
taxpay,0.127970115
wiktionari,0.127732147
spent,0.12763604
sponsor,0.127620926
transport,0.127594962
succeed,0.127594962
variat,0.127594962
construct,0.127594962
observ,0.127594962
offset,0.127594962
extern,0.127212297
mail,0.127212297
past,0.127212297
percent,0.127212297
children,0.127212297
skill,0.127212297
capac,0.127212297
identif,0.127212297
entiti,0.126715929
staff,0.126399074
switch,0.126399074
deploy,0.12579972
analys,0.12579972
class,0.124983945
output,0.124983945
interpret,0.124457998
enact,0.124457998
behalf,0.124457998
forc,0.124457998
emot,0.124457998
comparison,0.124387645
portfolio,0.123616317
settlement,0.123302133
accommod,0.123302133
figur,0.12308022
men,0.123014624
cut,0.122819718
proport,0.122819718
index,0.122819718
spend,0.122564216
destroy,0.122564216
ident,0.122564216
piec,0.11954952
resolv,0.115365183
talk,0.110492339
refin,0.108900748
media,0.107666893
confid,0.107666893
compet,0.10574778
largest,0.10574778
acknowledg,0.10574778
intent,0.103895944
minim,0.103393467
recept,0.096658116
disappoint,0.096658116
quickli,0.096658116
financ market legal,0.0001
receiv free gift,0.0001
main draw back,0.0001
scientif analyt model,0.0001
dollar figur base,0.0001
contin countri state,0.0001
exist clientsstreet hawker,0.0001
store market research,0.0001
turn save lot,0.0001
farri bendl pfeifer,0.0001
georg smith receiv,0.0001
frederick winslow taylor,0.0001
fast food joint,0.0001
suggest march learn,0.0001
consult servic aim,0.0001
respond cite email,0.0001
high end busi,0.0001
main price model,0.0001
forrest commonli admit,0.0001
cross function projectsmor,0.0001
play major role,0.0001
find talent pool,0.0001
microsoft excel csv,0.0001
famou nbc whitepap,0.0001
ceb recent report,0.0001
vari wide depend,0.0001
precinct suburb town,0.0001
businessbreton onion salesman,0.0001
recommend request promis,0.0001
shoe sock waistcoat,0.0001
famous difficult process,0.0001
increas salesth purpos,0.0001
cotton cloth manufactur,0.0001
month origin researchth,0.0001
cpl price model,0.0001
inappropri extern link,0.0001
includ theonc identifi,0.0001
ibm daniel stowel,0.0001
final event studi,0.0001
word critic opportun,0.0001
short order diner,0.0001
random order miss,0.0001
english market town,0.0001
human resourc manag,0.0001
manag properli enhanc,0.0001
customerfor manag team,0.0001
merchant dutch koopman,0.0001
knowledg messag skill,0.0001
scarciti seller rais,0.0001
present special dilemma,0.0001
suppli basic necess,0.0001
insuffici inlin citat,0.0001
maintain sedentari merchant,0.0001
elicit desir behaviour,0.0001
templat messagesal oper,0.0001
son jeff wrote,0.0001
sale guru lesson,0.0001
famin individu share,0.0001
sale resourc report,0.0001
past sale figur,0.0001
tax salespeopl engag,0.0001
involv simpli calcul,0.0001
green river ordin,0.0001
uniqu advertis offer,0.0001
motiv sale staff,0.0001
electr engin graduat,0.0001
sale repres meet,0.0001
household sale staff,0.0001
identifiedcount sale assist,0.0001
prospectsom sale pitch,0.0001
sale repres reli,0.0001
sale personnelthes formula,0.0001
format batch data,0.0001
close end leas,0.0001
post lead metric,0.0001
money webb point,0.0001
financ industriesmarket lead,0.0001
call market attributionfor,0.0001
averag sale forecast,0.0001
sell encourag focu,0.0001
highli detail script,0.0001
maxim profitup sell,0.0001
indirectli reduc sale,0.0001
customerswhen sale personnel,0.0001
sale forc coverag,0.0001
handl common object,0.0001
prior manual workload,0.0001
organ comprehens survey,0.0001
internet bank app,0.0001
localis trade base,0.0001
equal area entail,0.0001
remov januari learn,0.0001
european merchant class,0.0001
verbal persuas techniqu,0.0001
gener popul understood,0.0001
modern corpor life,0.0001
lost prepar incorrectli,0.0001
deriv initi forecast,0.0001
gener higher profit,0.0001
operationsth architectur relationship,0.0001
regular trade hour,0.0001
requir deep collabor,0.0001
coinag enabl exchang,0.0001
call sell solut,0.0001
sale repres includ,0.0001
simpl coordin order,0.0001
sourcesan investor lead,0.0001
total annual sale,0.0001
investor lead list,0.0001
total sale result,0.0001
today softwar product,0.0001
michael webb book,0.0001
travel time requir,0.0001
sale resultsmani compani,0.0001
context travel time,0.0001
averag travel time,0.0001
compani sale profession,0.0001
sale manag depart,0.0001
sale person promot,0.0001
small consult compani,0.0001
minimum sale goal,0.0001
compani rais capit,0.0001
natur human desir,0.0001
object sale oper,0.0001
order takingcal centr,0.0001
contact themlead acquisit,0.0001
direct respons advertis,0.0001
long term effect,0.0001
sale personnel attend,0.0001
westinghous sale offic,0.0001
chief sale offic,0.0001
entrepreneurkos creat sell,0.0001
sale peopl appli,0.0001
buy larg amount,0.0001
frontlin sale peopl,0.0001
sale function issu,0.0001
lead manag principl,0.0001
water trial close,0.0001
case demograph inform,0.0001
individu salesperson review,0.0001
itiner peddler continu,0.0001
event studi found,0.0001
search driven lead,0.0001
popular onlin channel,0.0001
custom buy process,0.0001
critic potenti disconnect,0.0001
overt contact method,0.0001
market managementmost breakthrough,0.0001
individu sale repres,0.0001
busi opportun today,0.0001
time postwar sens,0.0001
faceloc market trader,0.0001
geograph market exchang,0.0001
account averag time,0.0001
telemarket outbound sell,0.0001
web form itselfonc,0.0001
remov februari learn,0.0001
fastest grow compani,0.0001
architectur primarili manag,0.0001
oper defin themthen,0.0001
determin sale target,0.0001
sale lead gener,0.0001
likewis propos present,0.0001
exist person call,0.0001
templat messagecross sell,0.0001
identifi distinct group,0.0001
unclear citat style,0.0001
simpli special kind,0.0001
remov subhead march,0.0001
entiti potenti interest,0.0001
prospect consum interest,0.0001
fast food oper,0.0001
market leadssal lead,0.0001
uniqu challeng present,0.0001
customersth earliest form,0.0001
lead ppa advertis,0.0001
busi sale categori,0.0001
work flow aim,0.0001
defin sale processmeanwhil,0.0001
timeframeimprov sale effect,0.0001
increas visibl touch,0.0001
busi leader afford,0.0001
small busi start,0.0001
purchas decis process,0.0001
complex sale process,0.0001
gener managementsal product,0.0001
sale pitch downsid,0.0001
assess lead data,0.0001
discret lead data,0.0001
multipl lead data,0.0001
buy power metric,0.0001
sale funnel engin,0.0001
specif travel time,0.0001
effect sale script,0.0001
sale scriptprescrib script,0.0001
lead inquiriescommun function,0.0001
internet market term,0.0001
simpl email action,0.0001
territori includ potenti,0.0001
agent sale territori,0.0001
demonstr valuabl altern,0.0001
altern providersov servic,0.0001
client prospect client,0.0001
remov decemb learn,0.0001
market automationgener lead,0.0001
includethi acquisit function,0.0001
abovethi acquisit function,0.0001
onlin advertis market,0.0001
sale teamth workload,0.0001
salespeopl sellh point,0.0001
make mental distinct,0.0001
phone cross sell,0.0001
territori averag sale,0.0001
busi leveldiffer type,0.0001
convinc potenti custom,0.0001
typic includ methodolog,0.0001
outgo consum advertis,0.0001
activ account metric,0.0001
identifi territori worthi,0.0001
sale book written,0.0001
district sale manag,0.0001
lead gener account,0.0001
lean manufactur inevit,0.0001
distribut sale forc,0.0001
stanton sale process,0.0001
sale process metric,0.0001
salespeopl sell thingsthen,0.0001
combin cross sell,0.0001
ibm manag consult,0.0001
serv worker manag,0.0001
context sale refer,0.0001
influenc techniqu employ,0.0001
sell tradit form,0.0001
effect word phrase,0.0001
consum respons theori,0.0001
turn potenti custom,0.0001
recognis specif verbal,0.0001
fast accur method,0.0001
effect identifi step,0.0001
wholesal potenti forecast,0.0001
methodsth analyt architectur,0.0001
purchas trial close,0.0001
lead manag system,0.0001
qualiti appli primarili,0.0001
lead manag creat,0.0001
target earn ote,0.0001
sequenti sale process,0.0001
major account firm,0.0001
busi operationsth set,0.0001
specif partner assum,0.0001
higher cost item,0.0001
levelsth distribut architectur,0.0001
custom alikeonc salespeopl,0.0001
sale manag practic,0.0001
calcul combin metric,0.0001
time constraint order,0.0001
improv product return,0.0001
monet instal sale,0.0001
market driven qualiti,0.0001
balanc sale personnel,0.0001
hp sale organ,0.0001
sale forc effect,0.0001
factor compani strive,0.0001
blade busi model,0.0001
cost firm busi,0.0001
sale territori metric,0.0001
respons poor respons,0.0001
includ intellig sourc,0.0001
increas technolog foundat,0.0001
geograph area assign,0.0001
sale sale support,0.0001
exot good import,0.0001
specif lead gener,0.0001
account base market,0.0001
valuabl sell techniqu,0.0001
gain busi opportun,0.0001
increas compani revenu,0.0001
creat increas effici,0.0001
scientif measur orient,0.0001
book earn star,0.0001
process involv varieti,0.0001
accomplish goal process,0.0001
pipelin market organ,0.0001
retail scenario custom,0.0001
custom initi thought,0.0001
custom background budget,0.0001
manag assum process,0.0001
inquiri flow process,0.0001
lead manag process,0.0001
sale person creat,0.0001
sale process engin,0.0001
consult project fail,0.0001
distribut sale lead,0.0001
prospect research studi,0.0001
data orient tool,0.0001
sale perform softwar,0.0001
sale team tradit,0.0001
salesperson make present,0.0001
followssal potenti number,0.0001
cross sell option,0.0001
make internet inquiri,0.0001
qualifi lead result,0.0001
internet onlin market,0.0001
situat prescrib script,0.0001
sell process languag,0.0001
decis make process,0.0001
inform system technolog,0.0001
lead gener gener,0.0001
make purchas decis,0.0001
crm compani assum,0.0001
start consult compani,0.0001
enabl sale team,0.0001
myriad market technolog,0.0001
lead gener distribut,0.0001
remov promot content,0.0001
manag sale peopl,0.0001
buyer interest client,0.0001
compani activ particip,0.0001
book lean sell,0.0001
zebra sale methodolog,0.0001
expens item upgrad,0.0001
custom action determin,0.0001
improv sale product,0.0001
centuri perman shop,0.0001
geograph market,0.0001
compani issu,0.0001
investor lead,0.0001
busi oper,0.0001
reduc cost,0.0001
human natur,0.0001
charg fee,0.0001
financi report,0.0001
sale offic,0.0001
tax purpos,0.0001
sale profess,0.0001
studi complet,0.0001
critic piec,0.0001
typic includ,0.0001
local contact,0.0001
ibm expans,0.0001
verbal cue,0.0001
digit market,0.0001
supplant market,0.0001
order structur,0.0001
gener journal,0.0001
web form,0.0001
specif word,0.0001
sale resourc,0.0001
manag volum,0.0001
improv manag,0.0001
sale potenti,0.0001
sale cycl,0.0001
social network,0.0001
sale effort,0.0001
jeff koser,0.0001
key metric,0.0001
primarili driven,0.0001
inform exchang,0.0001
emerg class,0.0001
consist style,0.0001
intellig methodolog,0.0001
expans capit,0.0001
solid foundat,0.0001
minimum amount,0.0001
research studi,0.0001
decis make,0.0001
usescount attend,0.0001
peopl titl,0.0001
talk point,0.0001
direct contrast,0.0001
home offic,0.0001
manual input,0.0001
close skill,0.0001
seller fill,0.0001
consum interest,0.0001
natur learn,0.0001
silver coinag,0.0001
firm object,0.0001
practic goal,0.0001
report directli,0.0001
peopl exist,0.0001
popul citi,0.0001
telemarket environ,0.0001
gener specif,0.0001
prior architectur,0.0001
onlin retail,0.0001
digit devic,0.0001
sale experi,0.0001
manufactur salespeopl,0.0001
common law,0.0001
sale consult,0.0001
sale effect,0.0001
net sale,0.0001
busi activ,0.0001
busi strategi,0.0001
sale order,0.0001
rate ctr,0.0001
key account,0.0001
market system,0.0001
lead data,0.0001
sale engin,0.0001
potenti busi,0.0001
creat market,0.0001
low price,0.0001
sale script,0.0001
social sell,0.0001
potenti account,0.0001
talent salespeopl,0.0001
demograph criteria,0.0001
demograph base,0.0001
identifi compani,0.0001
manufactur focus,0.0001
consult analysi,0.0001
health inform,0.0001
sale analyst,0.0001
market profession,0.0001
enter market,0.0001
complex sale,0.0001
sale profession,0.0001
acquisit function,0.0001
physic locat,0.0001
process engin,0.0001
sale job,0.0001
prospect sequenti,0.0001
advertis friendli,0.0001
advertis demand,0.0001
buy advertis,0.0001
market commun,0.0001
instal sale,0.0001
sale interfac,0.0001
gener inform,0.0001
manag inquiri,0.0001
engin succe,0.0001
sale role,0.0001
independ contractor,0.0001
hit rate,0.0001
web analyt,0.0001
optim sale,0.0001
purchas promptli,0.0001
common practic,0.0001
vari degre,0.0001
market competit,0.0001
individu sale,0.0001
suggest juli,0.0001
judg note,0.0001
retail clerk,0.0001
singl point,0.0001
onlin shop,0.0001
market team,0.0001
sale funnel,0.0001
qualiti manag,0.0001
cold email,0.0001
autom system,0.0001
system assembl,0.0001
methodolog system,0.0001
fix cost,0.0001
process point,0.0001
public sale,0.0001
includ import,0.0001
includ opt,0.0001
consum attitud,0.0001
sale book,0.0001
term sale,0.0001
inform system,0.0001
pre order,0.0001
account receiv,0.0001
custom account,0.0001
lead databas,0.0001
parti lead,0.0001
pull lead,0.0001
lead inform,0.0001
cultiv lead,0.0001
deliv lead,0.0001
scope lead,0.0001
buy intent,0.0001
target earn,0.0001
peopl involv,0.0001
reveal distinct,0.0001
manufactur lead,0.0001
registr lead,0.0001
map lead,0.0001
internet lead,0.0001
facewahba point,0.0001
lead broker,0.0001
move lead,0.0001
processfor market,0.0001
increasingli popular,0.0001
top manag,0.0001
patent expir,0.0001
qualiti movement,0.0001
effici acquisit,0.0001
qualiti commun,0.0001
seth godin,0.0001
futur base,0.0001
oper plan,0.0001
express interest,0.0001
compani sale,0.0001
direct salespeopl,0.0001
avoid salespeopl,0.0001
salespeopl sell,0.0001
structur sale,0.0001
order carousel,0.0001
develop relationship,0.0001
manag profess,0.0001
scientif manag,0.0001
consensu manag,0.0001
sale processunfortun,0.0001
studi sale,0.0001
sale commun,0.0001
telemarketingperson sell,0.0001
relationship sell,0.0001
buyer interest,0.0001
sell spread,0.0001
desir outcom,0.0001
mutual agre,0.0001
word phrase,0.0001
lead qualif,0.0001
partial script,0.0001
thursdaysal script,0.0001
oper excel,0.0001
data distribut,0.0001
market rate,0.0001
customerssal process,0.0001
onlin servic,0.0001
account execut,0.0001
busi lead,0.0001
sale channel,0.0001
distribut lead,0.0001
drive profit,0.0001
sale result,0.0001
gener requir,0.0001
product plan,0.0001
cow emphas,0.0001
usefulth purpos,0.0001
public began,0.0001
potenti outcom,0.0001
crucial import,0.0001
shopkeep sold,0.0001
newest version,0.0001
mass distribut,0.0001
harri interact,0.0001
individu salesperson,0.0001
cost benefit,0.0001
difficult familiar,0.0001
real properti,0.0001
phone email,0.0001
la vega,0.0001
half truth,0.0001
import exercis,0.0001
state previous,0.0001
mathemat logic,0.0001
gener revenu,0.0001
implement gap,0.0001
key ingredi,0.0001
vari depend,0.0001
measur result,0.0001
navig comfort,0.0001
gener leadsrec,0.0001
distribut intermediari,0.0001
industri sector,0.0001
pound monetari,0.0001
tightli link,0.0001
purchas funnel,0.0001
leadslead gener,0.0001
boost revenu,0.0001
moder level,0.0001
instruct advic,0.0001
financi motiv,0.0001
edward deme,0.0001
simpl list,0.0001
deliber ration,0.0001
email address,0.0001
switch costthough,0.0001
timecit neededth,0.0001
purdu univers,0.0001
opinion essay,0.0001
rich spiro,0.0001
incred power,0.0001
dynam review,0.0001
massiv amount,0.0001
develop advertis,0.0001
independ audit,0.0001
aresuch depict,0.0001
industri produc,0.0001
manual labour,0.0001
exist patient,0.0001
north america,0.0001
incom deriv,0.0001
individu salespeopl,0.0001
brian joiner,0.0001
scientif mindset,0.0001
embrac scientif,0.0001
make comparison,0.0001
franchise distributor,0.0001
product knowledg,0.0001
major method,0.0001
consideredvari commerci,0.0001
feel comfort,0.0001
high price,0.0001
direct sellingth,0.0001
world stage,0.0001
stori illustr,0.0001
involv market,0.0001
hersal forecast,0.0001
mortgag insur,0.0001
produc virtual,0.0001
high chanc,0.0001
territori vari,0.0001
servicesth purpos,0.0001
extend warranti,0.0001
term refer,0.0001
import depend,0.0001
advanc technolog,0.0001
creation opportun,0.0001
air condition,0.0001
speed accuraci,0.0001
transact exchang,0.0001
man hour,0.0001
drug discoveri,0.0001
salesfor shop,0.0001
individu industri,0.0001
ultim earn,0.0001
delphi automot,0.0001
made clearer,0.0001
timejam cortada,0.0001
copiesbr wahba,0.0001
pipelin marketinglead,0.0001
larger purchas,0.0001
encycloped tone,0.0001
rapid increas,0.0001
slowli transform,0.0001
internet tool,0.0001
larg custom,0.0001
relationship market,0.0001
import strategi,0.0001
optim level,0.0001
skill trade,0.0001
legal problem,0.0001
move custom,0.0001
sustain effect,0.0001
transport improv,0.0001
industri vertic,0.0001
territoriessal potenti,0.0001
seek perfect,0.0001
patientsth number,0.0001
larg scale,0.0001
bicycl travel,0.0001
everyday experiencein,0.0001
dispos incom,0.0001
larger distanc,0.0001
examin trend,0.0001
pursu faster,0.0001
mind set,0.0001
rapid growth,0.0001
local entrepreneur,0.0001
huge problemcit,0.0001
shingo prize,0.0001
oper unit,0.0001
gener merchandis,0.0001
expert advic,0.0001
vital contributor,0.0001
loss avers,0.0001
bank teller,0.0001
success notabl,0.0001
interest manner,0.0001
increasingli difficult,0.0001
work directli,0.0001
wikimedia common,0.0001
distort compens,0.0001
land page,0.0001
wikivers wikibook,0.0001
split content,0.0001
minim dimsrupt,0.0001
ethic issu,0.0001
ice cream,0.0001
pull method,0.0001
standard email,0.0001
special deal,0.0001
switch bank,0.0001
transform fragment,0.0001
telephon call,0.0001
suggest junesel,0.0001
stall holder,0.0001
clear pictur,0.0001
person reflect,0.0001
salea told,0.0001
www amacu,0.0001
commonli felt,0.0001
silt model,0.0001
termth object,0.0001
maintain satisfact,0.0001
potenti signal,0.0001
daili trade,0.0001
highli visibl,0.0001
financi institut,0.0001
unfair distribut,0.0001
trivial mention,0.0001
imper verb,0.0001
sell hardwar,0.0001
shingo model,0.0001
action irrespect,0.0001
numer sourc,0.0001
manchest men,0.0001
increas fulli,0.0001
previous identifi,0.0001
similar concept,0.0001
quantit judg,0.0001
gut feel,0.0001
trade rout,0.0001
yearsal territori,0.0001
road densiti,0.0001
greatli curtail,0.0001
signific coverag,0.0001
includ case,0.0001
cognit affect,0.0001
crap tabl,0.0001
requir assist,0.0001
optim sequenc,0.0001
sole trader,0.0001
complet salesbenchmarkingbenchmark,0.0001
merg redirect,0.0001
arm length,0.0001
key driver,0.0001
rais money,0.0001
day manag,0.0001
present fact,0.0001
govern agenc,0.0001
social bond,0.0001
social aspect,0.0001
pass bet,0.0001
consult work,0.0001
exist customerslead,0.0001
napervil il,0.0001
potenti disrupt,0.0001
price quot,0.0001
purchas decis,0.0001
process order,0.0001
demand side,0.0001
custom base,0.0001
lowest bid,0.0001
fair market,0.0001
profession sell,0.0001
select process,0.0001
gather inform,0.0001
rent back,0.0001
success upsel,0.0001
person sell,0.0001
target audienc,0.0001
process excel,0.0001
gener attitud,0.0001
custom salespeopl,0.0001
close deal,0.0001
financ compani,0.0001
lead inquiri,0.0001
process creat,0.0001
total revenu,0.0001
produc product,0.0001
sale price,0.0001
career excel,0.0001
instal plan,0.0001
metric reveal,0.0001
captur data,0.0001
feed partner,0.0001
addit item,0.0001
close align,0.0001
typic express,0.0001
make sens,0.0001
acquir good,0.0001
subsequ distribut,0.0001
relat product,0.0001
product offer,0.0001
web develop,0.0001
invest roi,0.0001
rais cost,0.0001
specif question,0.0001
commun form,0.0001
earliest refer,0.0001
precis phrase,0.0001
basic step,0.0001
lead identifi,0.0001
market sale,0.0001
profit target,0.0001
custom servic,0.0001
sale organ,0.0001
origin owner,0.0001
groceri store,0.0001
technic aspect,0.0001
market depart,0.0001
product categori,0.0001
product group,0.0001
counter product,0.0001
financi transact,0.0001
convinc prospect,0.0001
appli analysi,0.0001
lower price,0.0001
borrow money,0.0001
script call,0.0001
exist product,0.0001
technolog centric,0.0001
transact sale,0.0001
time period,0.0001
seller complet,0.0001
agre rate,0.0001
product sold,0.0001
import factor,0.0001
manchest employ,0.0001
account set,0.0001
book base,0.0001
account detail,0.0001
activ role,0.0001
account onlin,0.0001
gener public,0.0001
quotat rfq,0.0001
cloud comput,0.0001
consum product,0.0001
limit amount,0.0001
creat challeng,0.0001
screen process,0.0001
sale refer,0.0001
good idea,0.0001
market manag,0.0001
custom actionscit,0.0001
custom complain,0.0001
attract attent,0.0001
custom behavior,0.0001
custom respons,0.0001
custom servicealso,0.0001
custom attent,0.0001
sale commiss,0.0001
inquiri made,0.0001
inquiri inform,0.0001
long period,0.0001
total profit,0.0001
power call,0.0001
qualiti measur,0.0001
mobil phone,0.0001
cash invest,0.0001
othersunbalanc territori,0.0001
commonli territori,0.0001
analyz territori,0.0001
territori estim,0.0001
purposesredefin territori,0.0001
oper system,0.0001
product develop,0.0001
market function,0.0001
acquir lead,0.0001
web referr,0.0001
centuri bce,0.0001
teach peopl,0.0001
instanc salesperson,0.0001
peopl behavior,0.0001
contact inform,0.0001
sold good,0.0001
electron captur,0.0001
peopl insid,0.0001
peopl respons,0.0001
wholesal outlet,0.0001
american industri,0.0001
confus term,0.0001
offer peac,0.0001
wholesal environ,0.0001
creat lead,0.0001
seller point,0.0001
distinct categori,0.0001
final step,0.0001
direct sale,0.0001
complet compani,0.0001
compani requir,0.0001
realiz compani,0.0001
servic process,0.0001
event particip,0.0001
compani headquart,0.0001
market mix,0.0001
transfer ownership,0.0001
servic requir,0.0001
incom statement,0.0001
deliv servic,0.0001
busi develop,0.0001
salesperson effect,0.0001
sale base,0.0001
face sale,0.0001
improv sale,0.0001
techniqu adopt,0.0001
primari purpos,0.0001
market techniqu,0.0001
script defin,0.0001
difficult problem,0.0001
reach custom,0.0001
tactic measur,0.0001
busi organ,0.0001
issu request,0.0001
purchas good,0.0001
addit amount,0.0001
purchas item,0.0001
data collect,0.0001
leas term,0.0001
balanc workload,0.0001
creat fear,0.0001
establish process,0.0001
earli form,0.0001
retail level,0.0001
sciencein addit,0.0001
exist relationship,0.0001
continu improv,0.0001
advertis expenditur,0.0001
suggest list,0.0001
fail hand,0.0001
view offer,0.0001
sold packag,0.0001
recipi accept,0.0001
serviceon relev,0.0001
pay attent,0.0001
compar salespeopl,0.0001
custom sell,0.0001
sell insur,0.0001
norval watkin,0.0001
final disposit,0.0001
commonli found,0.0001
simpli consist,0.0001
person interact,0.0001
power abil,0.0001
buy relief,0.0001
wikipedia guid,0.0001
usefulin defin,0.0001
commit fraud,0.0001
barter system,0.0001
busi consider,0.0001
effici benefit,0.0001
experimentingmost execut,0.0001
econom data,0.0001
rise rank,0.0001
improv convers,0.0001
unit member,0.0001
retail trade,0.0001
turnov rate,0.0001
higher level,0.0001
relev inform,0.0001
persist store,0.0001
home applianc,0.0001
sell occur,0.0001
custom buy,0.0001
procur process,0.0001
labor cost,0.0001
influenc custom,0.0001
prospect readi,0.0001
prospect begin,0.0001
creat product,0.0001
product purchas,0.0001
ration principl,0.0001
mathemat principl,0.0001
familiar principl,0.0001
underli principl,0.0001
combin upsel,0.0001
salesperson product,0.0001
manag idea,0.0001
manag theori,0.0001
household item,0.0001
sale opportun,0.0001
sale strategi,0.0001
cost lead,0.0001
market process,0.0001
practic approach,0.0001
explicit approach,0.0001
compani buy,0.0001
import challeng,0.0001
account method,0.0001
book tqm,0.0001
sell good,0.0001
busi product,0.0001
partner push,0.0001
client begin,0.0001
broad rang,0.0001
total flexibl,0.0001
systemat applic,0.0001
dairi product,0.0001
paid sourc,0.0001
convert prospect,0.0001
accur repres,0.0001
person commun,0.0001
significantli lower,0.0001
usth cultur,0.0001
employe select,0.0001
action creat,0.0001
buyer pay,0.0001
begin appli,0.0001
develop tool,0.0001
profit servic,0.0001
cost incur,0.0001
articl tone,0.0001
buy suit,0.0001
book interest,0.0001
buy origin,0.0001
support varieti,0.0001
action cta,0.0001
case precursor,0.0001
broad type,0.0001
import seller,0.0001
seller induc,0.0001
market problem,0.0001
size impli,0.0001
articl condens,0.0001
compar territori,0.0001
european union,0.0001
bid ifb,0.0001
partner organ,0.0001
effect collabor,0.0001
approach readi,0.0001
simpler term,0.0001
involv primarili,0.0001
view ad,0.0001
peopl find,0.0001
person referr,0.0001
customersan add,0.0001
develop creativ,0.0001
buyer default,0.0001
improv tool,0.0001
call salesperson,0.0001
organ achiev,0.0001
invest opportun,0.0001
polit parti,0.0001
key element,0.0001
solv problem,0.0001
tool work,0.0001
bid process,0.0001
simpli expos,0.0001
applianc salesperson,0.0001
great job,0.0001
effect practic,0.0001
industri revolut,0.0001
establish notabl,0.0001
salesperson suggest,0.0001
primari area,0.0001
call ratio,0.0001
persuad custom,0.0001
achiev call,0.0001
account process,0.0001
interest parti,0.0001
salesperson number,0.0001
push sale,0.0001
upsel product,0.0001
face encount,0.0001
custom point,0.0001
client buy,0.0001
client enhanc,0.0001
success negoti,0.0001
integr negoti,0.0001
redirect,0.0001
physic,0.0001
militari,0.0001
volum,0.0001
razor,0.0001
prescrib,0.0001
recognis,0.0001
perman,0.0001
myriad,0.0001
trader,0.0001
rival,0.0001
architectur,0.0001
scientif,0.0001
game,0.0001
devic,0.0001
phase,0.0001
milk,0.0001
floor,0.0001
leas,0.0001
lean,0.0001
defer,0.0001
churn,0.0001
food,0.0001
warrant,0.0001
strateg,0.0001
web,0.0001
segment,0.0001
hous,0.0001
breach,0.0001
agenc,0.0001
fee,0.0001
op,0.0001
peddler,0.0001
lesse,0.0001
enterpris,0.0001
labor,0.0001
rfq,0.0001
personnel,0.0001
significantli,0.0001
display,0.0001
subscript,0.0001
rfi,0.0001
templat,0.0001
airlin,0.0001
worth,0.0001
equat,0.0001
quot,0.0001
letter,0.0001
ramp,0.0001
expenditur,0.0001
represent,0.0001
smarket,0.0001
twitter,0.0001
tqm,0.0001
badg,0.0001
zebra,0.0001
sharehold,0.0001
nation,0.0001
doctrin,0.0001
join,0.0001
don,0.0001
appoint,0.0001
full,0.0001
juli,0.0001
nasa,0.0001
visual,0.0001
carousel,0.0001
signific,0.0001
standard,0.0001
watkin,0.0001
competit,0.0001
approxim,0.0001
revis,0.0001
mile,0.0001
progress,0.0001
showroom,0.0001
applianc,0.0001
lessor,0.0001
presenc,0.0001
error,0.0001
auction,0.0001
investor,0.0001
linkedin,0.0001
ifb,0.0001
borrow,0.0001
grant,0.0001
scale,0.0001
draw,0.0001
tactic,0.0001
commerc,0.0001
salesforc,0.0001
coordin,0.0001
variant,0.0001
benchmark,0.0001
tourist,0.0001
revolut,0.0001
default,0.0001
coupon,0.0001
merger,0.0001
local,0.0001
deem,0.0001
domain,0.0001
shipment,0.0001
familiar,0.0001
piraci,0.0001
wear,0.0001
notifi,0.0001
educ,0.0001
weigh,0.0001
acronym,0.0001
taxat,0.0001
startup,0.0001
cancel,0.0001
mileston,0.0001
scope,0.0001
transform,0.0001
relianc,0.0001
qualit,0.0001
mission,0.0001
innov,0.0001
court,0.0001
recognit,0.0001
kpi,0.0001
trigger,0.0001
meant,0.0001
automat,0.0001
amort,0.0001
depreci,0.0001
bonu,0.0001
extrem,0.0001
turnov,0.0001
copi,0.0001
imag,0.0001
candid,0.0001
citizen,0.0001
explor,0.0001
reciproc,0.0001
refineri,0.0001
complement,0.0001
quotat,0.0001
reward,0.0001
merg,0.0001
hierarchi,0.0001
furnish,0.0001
mindset,0.0001
special,0.0001
monetari,0.0001
birthday,0.0001
conflict,0.0001
variabl,0.0001
valuat,0.0001
constitut,0.0001
closur,0.0001
defici,0.0001
debat,0.0001
women,0.0001
pie,0.0001
bought,0.0001
deduct,0.0001
damag,0.0001
lost,0.0001
rememb,0.0001
expand,0.0001
write,0.0001
rewrit,0.0001
file,0.0001
facilit,0.0001
sql,0.0001
vital,0.0001
input,0.0001
indispens,0.0001
refresh,0.0001
fit,0.0001
struck,0.0001
footnot,0.0001
wrote,0.0001
characterist,0.0001
provinc,0.0001
focuss,0.0001
belief,0.0001
dolphin,0.0001
cake,0.0001
stretch,0.0001
gm,0.0001
vacationpul,0.0001
ideal,0.0001
front,0.0001
upth,0.0001
overwhelm,0.0001
revolution,0.0001
stream,0.0001
displac,0.0001
prolifer,0.0001
patron,0.0001
oftentim,0.0001
cent,0.0001
eye,0.0001
wale,0.0001
simplifi,0.0001
substitut,0.0001
extend,0.0001
synthesi,0.0001
potteri,0.0001
canvass,0.0001
dispos,0.0001
recommend,0.0001
debt,0.0001
temporarili,0.0001
highlight,0.0001
zealand,0.0001
stay,0.0001
mishandl,0.0001
quantiti,0.0001
usag,0.0001
field,0.0001
entertain,0.0001
ceram,0.0001
redesign,0.0001
econom,0.0001
handther,0.0001
finalis,0.0001
dealt,0.0001
distant,0.0001
founder,0.0001
discov,0.0001
preval,0.0001
summari,0.0001
timewith,0.0001
norm,0.0001
truth,0.0001
workforc,0.0001
prompt,0.0001
speak,0.0001
refriger,0.0001
commentari,0.0001
readili,0.0001
realiti,0.0001
invent,0.0001
agent,0.0001
transit,0.0001
suscept,0.0001
hero,0.0001
plight,0.0001
attain,0.0001
telephon,0.0001
distanc,0.0001
worthless,0.0001
statu,0.0001
easi,0.0001
eventu,0.0001
miss,0.0001
packag,0.0001
decreas,0.0001
ceo,0.0001
mistaken,0.0001
fewer,0.0001
seventeenth,0.0001
gaug,0.0001
happi,0.0001
exceed,0.0001
appeal,0.0001
justifi,0.0001
precursor,0.0001
circumst,0.0001
rapidli,0.0001
oppos,0.0001
canada,0.0001
dollar,0.0001
compel,0.0001
medium,0.0001
unclear,0.0001
followcit,0.0001
conjunct,0.0001
reduct,0.0001
audio,0.0001
felt,0.0001
trendsth,0.0001
licenc,0.0001
inclus,0.0001
adult,0.0001
subscrib,0.0001
began,0.0001
overse,0.0001
parcel,0.0001
hit,0.0001
trait,0.0001
thin,0.0001
enquiri,0.0001
occurr,0.0001
frequenc,0.0001
sharpli,0.0001
afford,0.0001
head,0.0001
valuabl,0.0001
broken,0.0001
mindit,0.0001
aid,0.0001
unrel,0.0001
uneth,0.0001
broadcast,0.0001
preced,0.0001
umbrella,0.0001
polici,0.0001
demograph,0.0001
variedunlik,0.0001
valueanoth,0.0001
notic,0.0001
liaison,0.0001
recent,0.0001
servicesther,0.0001
export,0.0001
imper,0.0001
genuin,0.0001
facebook,0.0001
sigma,0.0001
turkey,0.0001
fli,0.0001
told,0.0001
thought,0.0001
occas,0.0001
proposit,0.0001
parent,0.0001
unabl,0.0001
cyberchondriac,0.0001
locatedfor,0.0001
enron,0.0001
tone,0.0001
indonesia,0.0001
transmit,0.0001
chapter,0.0001
mortgage,0.0001
harm,0.0001
overestim,0.0001
foundat,0.0001
reorgan,0.0001
japan,0.0001
handsuch,0.0001
unhappi,0.0001
dictat,0.0001
priorit,0.0001
signal,0.0001
pars,0.0001
district,0.0001
xml,0.0001
obscur,0.0001
lay,0.0001
deleg,0.0001
correl,0.0001
fast,0.0001
offeredreason,0.0001
film,0.0001
controversi,0.0001
jump,0.0001
mid,0.0001
half,0.0001
unawar,0.0001
receipt,0.0001
sentenc,0.0001
america,0.0001
undertak,0.0001
pricesdur,0.0001
ventur,0.0001
aboutexampl,0.0001
doubt,0.0001
score,0.0001
sector,0.0001
capabl,0.0001
soup,0.0001
precis,0.0001
intuit,0.0001
calibr,0.0001
diffus,0.0001
avoid,0.0001
akin,0.0001
taught,0.0001
solidifi,0.0001
ytywhen,0.0001
traffic,0.0001
divis,0.0001
england,0.0001
confin,0.0001
extra,0.0001
transpar,0.0001
followsworkload,0.0001
transplant,0.0001
vocabulari,0.0001
ban,0.0001
cheaper,0.0001
promis,0.0001
problemat,0.0001
render,0.0001
histor,0.0001
household,0.0001
sheet,0.0001
factori,0.0001
desensitis,0.0001
googl,0.0001
journal,0.0001
illeg,0.0001
pin,0.0001
heat,0.0001
midnight,0.0001
januari,0.0001
advanc,0.0001
requisit,0.0001
marketplac,0.0001
mediterranean,0.0001
victim,0.0001
alter,0.0001
institut,0.0001
favour,0.0001
infousa,0.0001
abbrevi,0.0001
convey,0.0001
blackdot,0.0001
acceler,0.0001
drought,0.0001
inclin,0.0001
print,0.0001
granular,0.0001
submiss,0.0001
deliver,0.0001
lydian,0.0001
brochur,0.0001
deliber,0.0001
sought,0.0001
wise,0.0001
today,0.0001
bot,0.0001
scienc,0.0001
successfulan,0.0001
resold,0.0001
properli,0.0001
accompani,0.0001
emphas,0.0001
slip,0.0001
wisconsin,0.0001
manual,0.0001
investorlead,0.0001
instruct,0.0001
black,0.0001
fall,0.0001
shopper,0.0001
pressur,0.0001
explan,0.0001
india,0.0001
independ,0.0001
differenti,0.0001
formal,0.0001
exercis,0.0001
tear,0.0001
decad,0.0001
occupi,0.0001
august,0.0001
sort,0.0001
strong,0.0001
pullpush,0.0001
emul,0.0001
embrac,0.0001
enter,0.0001
elig,0.0001
mode,0.0001
navig,0.0001
knew,0.0001
camera,0.0001
popul,0.0001
ftp,0.0001
herodotu,0.0001
belt,0.0001
procedur,0.0001
uniqu,0.0001
yield,0.0001
reflect,0.0001
guidebook,0.0001
downfal,0.0001
convinc,0.0001
save,0.0001
crucial,0.0001
salari,0.0001
root,0.0001
allot,0.0001
neighbour,0.0001
induc,0.0001
disciplin,0.0001
crusad,0.0001
excit,0.0001
live,0.0001
throw,0.0001
waiter,0.0001
obviou,0.0001
imposs,0.0001
rep,0.0001
commonplac,0.0001
extent,0.0001
penetr,0.0001
lessen,0.0001
adapt,0.0001
cook,0.0001
inventor,0.0001
confirm,0.0001
ed,0.0001
phenomenon,0.0001
comfort,0.0001
claus,0.0001
background,0.0001
mind,0.0001
visitor,0.0001
inabl,0.0001
pursuit,0.0001
distributor,0.0001
importantli,0.0001
ingrati,0.0001
authent,0.0001
accountthough,0.0001
version,0.0001
successalong,0.0001
perfect,0.0001
won,0.0001
vp,0.0001
stipul,0.0001
stress,0.0001
legisl,0.0001
entic,0.0001
absenc,0.0001
accus,0.0001
paragraph,0.0001
real,0.0001
behaviorfor,0.0001
permit,0.0001
wonlead,0.0001
artist,0.0001
passiv,0.0001
filter,0.0001
length,0.0001
review,0.0001
mainten,0.0001
announc,0.0001
morein,0.0001
domin,0.0001
troubl,0.0001
duti,0.0001
east,0.0001
china,0.0001
passag,0.0001
fix,0.0001
mention,0.0001
compensationachiev,0.0001
fundament,0.0001
divorc,0.0001
ibmer,0.0001
oem,0.0001
codifi,0.0001
hundr,0.0001
aris,0.0001
commit,0.0001
fair,0.0001
round,0.0001
electron,0.0001
tag,0.0001
societi,0.0001
fri,0.0001
gartner,0.0001
speed,0.0001
adventur,0.0001
evolv,0.0001
mathemat,0.0001
clariti,0.0001
blend,0.0001
minor,0.0001
auditor,0.0001
translat,0.0001
convent,0.0001
willing,0.0001
disclos,0.0001
drawback,0.0001
difficulti,0.0001
judg,0.0001
gender,0.0001
undermin,0.0001
child,0.0001
speaker,0.0001
unwil,0.0001
center,0.0001
map,0.0001
foster,0.0001
environment,0.0001
literatur,0.0001
edg,0.0001
leak,0.0001
implic,0.0001
conscious,0.0001
sway,0.0001
label,0.0001
french,0.0001
jargon,0.0001
motiv,0.0001
surpris,0.0001
distinguish,0.0001
middl,0.0001
chosen,0.0001
notion,0.0001
prevent,0.0001
platform,0.0001
